condition,test_date,sample_count,known_count,unknown_count,threshold,known_closed_set_accuracy,known_correct_accept_rate,known_false_reject_rate,known_misidentification_rate,unknown_false_accept_rate,unknown_reject_rate,balanced_open_set_accuracy,auroc_known_positive,oscr_auc
A1_1day,2021_03_01,5120,3840,1280,0.9886126942268116,0.9390625,0.7755208333333333,0.22447916666666667,0.0,0.47734375,0.52265625,0.6490885416666667,0.7300168863932291,0.7236151123046874
A1_1day,2021_03_08,5120,3840,1280,0.9886126942268116,0.8377604166666667,0.5122395833333333,0.4671875,0.020572916666666666,0.46796875,0.53203125,0.5221354166666666,0.545828857421875,0.5078989664713541
A1_1day,2021_03_15,5120,3840,1280,0.9886126942268116,0.81171875,0.47161458333333334,0.50625,0.022135416666666668,0.4234375,0.5765625,0.5240885416666666,0.5382720947265625,0.4941571044921875
A1_1day,2021_03_23,5120,3840,1280,0.9886126942268116,0.8747395833333333,0.5174479166666667,0.48151041666666666,0.0010416666666666667,0.52109375,0.47890625,0.4981770833333333,0.5042600504557292,0.49096374511718754
A2_2day,2021_03_01,5120,3840,1280,0.9835776279058329,0.9291666666666667,0.72578125,0.27291666666666664,0.0013020833333333333,0.32578125,0.67421875,0.7,0.7530794270833334,0.744876708984375
A2_2day,2021_03_08,5120,3840,1280,0.9835776279058329,0.9208333333333333,0.71953125,0.2794270833333333,0.0010416666666666667,0.36015625,0.63984375,0.6796875,0.7483465576171875,0.7391979980468749
A2_2day,2021_03_15,5120,3840,1280,0.9835776279058329,0.8765625,0.5770833333333333,0.42109375,0.0018229166666666667,0.3390625,0.6609375,0.6190104166666666,0.6666461181640625,0.6468316650390625
A2_2day,2021_03_23,5120,3840,1280,0.9835776279058329,0.8723958333333334,0.546875,0.4515625,0.0015625,0.40625,0.59375,0.5703125,0.5863545735677083,0.5700716145833333
A3_3day,2021_03_01,5120,3840,1280,0.9901611003287217,0.9192708333333334,0.6380208333333334,0.36015625,0.0018229166666666667,0.459375,0.540625,0.5893229166666667,0.6258925374348958,0.6168865966796875
A3_3day,2021_03_08,5120,3840,1280,0.9901611003287217,0.9221354166666667,0.64609375,0.353125,0.00078125,0.4484375,0.5515625,0.598828125,0.6304144287109376,0.6220570882161459
A3_3day,2021_03_15,5120,3840,1280,0.9901611003287217,0.93359375,0.6247395833333333,0.375,0.00026041666666666666,0.484375,0.515625,0.5701822916666667,0.6107383219401041,0.6051206461588542
A3_3day,2021_03_23,5120,3840,1280,0.9901611003287217,0.9033854166666667,0.5432291666666667,0.45598958333333334,0.00078125,0.59375,0.40625,0.4747395833333333,0.4836501057942708,0.47543904622395833
H2_single_day,2021_03_01,5120,3840,1280,0.9542259996564596,0.9192708333333334,0.6515625,0.3484375,0.0,0.3890625,0.6109375,0.6312500000000001,0.6517982991536458,0.6255275472005208
H2_single_day,2021_03_08,5120,3840,1280,0.9542259996564596,0.7989583333333333,0.35911458333333335,0.62890625,0.011979166666666667,0.37734375,0.62265625,0.4908854166666667,0.5218715413411458,0.4563753255208333
H2_single_day,2021_03_15,5120,3840,1280,0.9542259996564596,0.7846354166666667,0.34375,0.646875,0.009375,0.3625,0.6375,0.490625,0.5191086832682292,0.44746643066406244
H2_single_day,2021_03_23,5120,3840,1280,0.9542259996564596,0.8255208333333334,0.3528645833333333,0.646875,0.00026041666666666666,0.4359375,0.5640625,0.4584635416666667,0.4661728922526042,0.4283754475911459
H2_pooled_three_days,2021_03_01,5120,3840,1280,0.9335747571611388,0.9234375,0.7236979166666667,0.2760416666666667,0.00026041666666666666,0.465625,0.534375,0.6290364583333334,0.7136804199218749,0.697532958984375
H2_pooled_three_days,2021_03_08,5120,3840,1280,0.9335747571611388,0.8184895833333333,0.4713541666666667,0.50546875,0.023177083333333334,0.43046875,0.56953125,0.5204427083333334,0.5648868815104167,0.5153556315104166
H2_pooled_three_days,2021_03_15,5120,3840,1280,0.9335747571611388,0.8052083333333333,0.45416666666666666,0.51953125,0.026302083333333334,0.43203125,0.56796875,0.5110677083333334,0.5368713378906251,0.4838075764973958
H2_pooled_three_days,2021_03_23,5120,3840,1280,0.9335747571611388,0.8486979166666667,0.47552083333333334,0.52265625,0.0018229166666666667,0.509375,0.490625,0.48307291666666663,0.50842529296875,0.4861676025390625
