date,method,set_size,group_by,group,set_count,known_count,unknown_count,known_correct_accept_count,known_false_reject_count,known_misidentification_count,unknown_false_accept_count,unknown_reject_count,known_correct_accept_rate,known_false_reject_rate,known_misidentification_rate,unknown_false_accept_rate,unknown_reject_rate,balanced_open_set_accuracy
2021_03_01,single_openmax,1,rx_id,1-1,320,240,80,225,15,0,16,64,0.9375,0.0625,0.0,0.2,0.8,0.86875
2021_03_01,single_openmax,1,rx_id,1-19,320,240,80,229,11,0,49,31,0.9541666666666667,0.04583333333333333,0.0,0.6125,0.3875,0.6708333333333334
2021_03_01,single_openmax,1,rx_id,1-20,320,240,80,209,31,0,61,19,0.8708333333333333,0.12916666666666668,0.0,0.7625,0.2375,0.5541666666666667
2021_03_01,single_openmax,1,rx_id,14-7,320,240,80,234,6,0,40,40,0.975,0.025,0.0,0.5,0.5,0.7375
2021_03_01,single_openmax,1,rx_id,18-19,320,240,80,83,157,0,20,60,0.3458333333333333,0.6541666666666667,0.0,0.25,0.75,0.5479166666666666
2021_03_01,single_openmax,1,rx_id,18-2,320,240,80,111,129,0,33,47,0.4625,0.5375,0.0,0.4125,0.5875,0.525
2021_03_01,single_openmax,1,rx_id,19-1,320,240,80,233,7,0,71,9,0.9708333333333333,0.029166666666666667,0.0,0.8875,0.1125,0.5416666666666666
2021_03_01,single_openmax,1,rx_id,2-1,320,240,80,212,28,0,57,23,0.8833333333333333,0.11666666666666667,0.0,0.7125,0.2875,0.5854166666666667
2021_03_01,single_openmax,1,rx_id,2-19,320,240,80,230,10,0,39,41,0.9583333333333334,0.041666666666666664,0.0,0.4875,0.5125,0.7354166666666666
2021_03_01,single_openmax,1,rx_id,20-1,320,240,80,220,20,0,40,40,0.9166666666666666,0.08333333333333333,0.0,0.5,0.5,0.7083333333333333
2021_03_01,single_openmax,1,rx_id,20-20,320,240,80,232,8,0,58,22,0.9666666666666667,0.03333333333333333,0.0,0.725,0.275,0.6208333333333333
2021_03_01,single_openmax,1,rx_id,3-19,320,240,80,137,103,0,22,58,0.5708333333333333,0.42916666666666664,0.0,0.275,0.725,0.6479166666666667
2021_03_01,single_openmax,1,rx_id,7-7,320,240,80,226,14,0,29,51,0.9416666666666667,0.058333333333333334,0.0,0.3625,0.6375,0.7895833333333333
2021_03_01,single_openmax,1,rx_id,8-14,320,240,80,87,153,0,19,61,0.3625,0.6375,0.0,0.2375,0.7625,0.5625
2021_03_01,single_openmax,1,rx_id,8-7,320,240,80,94,146,0,18,62,0.39166666666666666,0.6083333333333333,0.0,0.225,0.775,0.5833333333333334
2021_03_01,single_openmax,1,rx_id,8-8,320,240,80,216,24,0,39,41,0.9,0.1,0.0,0.4875,0.5125,0.70625
2021_03_01,single_openmax,1,tx_id,1-10,640,640,0,514,126,0,0,0,0.803125,0.196875,0.0,,,
2021_03_01,single_openmax,1,tx_id,11-1,640,0,640,0,0,0,470,170,,,,0.734375,0.265625,
2021_03_01,single_openmax,1,tx_id,14-10,640,0,640,0,0,0,141,499,,,,0.2203125,0.7796875,
2021_03_01,single_openmax,1,tx_id,14-7,640,640,0,456,184,0,0,0,0.7125,0.2875,0.0,,,
2021_03_01,single_openmax,1,tx_id,20-15,640,640,0,593,47,0,0,0,0.9265625,0.0734375,0.0,,,
2021_03_01,single_openmax,1,tx_id,20-19,640,640,0,482,158,0,0,0,0.753125,0.246875,0.0,,,
2021_03_01,single_openmax,1,tx_id,7-11,640,640,0,436,204,0,0,0,0.68125,0.31875,0.0,,,
2021_03_01,single_openmax,1,tx_id,7-14,640,640,0,497,143,0,0,0,0.7765625,0.2234375,0.0,,,
2021_03_01,vote_openmax,20,rx_id,1-1,16,12,4,12,0,0,0,4,1.0,0.0,0.0,0.0,1.0,1.0
2021_03_01,vote_openmax,20,rx_id,1-19,16,12,4,12,0,0,2,2,1.0,0.0,0.0,0.5,0.5,0.75
2021_03_01,vote_openmax,20,rx_id,1-20,16,12,4,11,1,0,4,0,0.9166666666666666,0.08333333333333333,0.0,1.0,0.0,0.4583333333333333
2021_03_01,vote_openmax,20,rx_id,14-7,16,12,4,12,0,0,2,2,1.0,0.0,0.0,0.5,0.5,0.75
2021_03_01,vote_openmax,20,rx_id,18-19,16,12,4,3,9,0,1,3,0.25,0.75,0.0,0.25,0.75,0.5
2021_03_01,vote_openmax,20,rx_id,18-2,16,12,4,4,8,0,0,4,0.3333333333333333,0.6666666666666666,0.0,0.0,1.0,0.6666666666666666
2021_03_01,vote_openmax,20,rx_id,19-1,16,12,4,12,0,0,4,0,1.0,0.0,0.0,1.0,0.0,0.5
2021_03_01,vote_openmax,20,rx_id,2-1,16,12,4,12,0,0,2,2,1.0,0.0,0.0,0.5,0.5,0.75
2021_03_01,vote_openmax,20,rx_id,2-19,16,12,4,12,0,0,2,2,1.0,0.0,0.0,0.5,0.5,0.75
2021_03_01,vote_openmax,20,rx_id,20-1,16,12,4,12,0,0,2,2,1.0,0.0,0.0,0.5,0.5,0.75
2021_03_01,vote_openmax,20,rx_id,20-20,16,12,4,12,0,0,2,2,1.0,0.0,0.0,0.5,0.5,0.75
2021_03_01,vote_openmax,20,rx_id,3-19,16,12,4,6,6,0,1,3,0.5,0.5,0.0,0.25,0.75,0.625
2021_03_01,vote_openmax,20,rx_id,7-7,16,12,4,12,0,0,2,2,1.0,0.0,0.0,0.5,0.5,0.75
2021_03_01,vote_openmax,20,rx_id,8-14,16,12,4,1,11,0,0,4,0.08333333333333333,0.9166666666666666,0.0,0.0,1.0,0.5416666666666666
2021_03_01,vote_openmax,20,rx_id,8-7,16,12,4,2,10,0,0,4,0.16666666666666666,0.8333333333333334,0.0,0.0,1.0,0.5833333333333334
2021_03_01,vote_openmax,20,rx_id,8-8,16,12,4,12,0,0,2,2,1.0,0.0,0.0,0.5,0.5,0.75
2021_03_01,vote_openmax,20,tx_id,1-10,32,32,0,24,8,0,0,0,0.75,0.25,0.0,,,
2021_03_01,vote_openmax,20,tx_id,11-1,32,0,32,0,0,0,22,10,,,,0.6875,0.3125,
2021_03_01,vote_openmax,20,tx_id,14-10,32,0,32,0,0,0,4,28,,,,0.125,0.875,
2021_03_01,vote_openmax,20,tx_id,14-7,32,32,0,23,9,0,0,0,0.71875,0.28125,0.0,,,
2021_03_01,vote_openmax,20,tx_id,20-15,32,32,0,31,1,0,0,0,0.96875,0.03125,0.0,,,
2021_03_01,vote_openmax,20,tx_id,20-19,32,32,0,23,9,0,0,0,0.71875,0.28125,0.0,,,
2021_03_01,vote_openmax,20,tx_id,7-11,32,32,0,22,10,0,0,0,0.6875,0.3125,0.0,,,
2021_03_01,vote_openmax,20,tx_id,7-14,32,32,0,24,8,0,0,0,0.75,0.25,0.0,,,
2021_03_01,median_iqr,20,rx_id,1-1,16,12,4,11,1,0,0,4,0.9166666666666666,0.08333333333333333,0.0,0.0,1.0,0.9583333333333333
2021_03_01,median_iqr,20,rx_id,1-19,16,12,4,12,0,0,2,2,1.0,0.0,0.0,0.5,0.5,0.75
2021_03_01,median_iqr,20,rx_id,1-20,16,12,4,8,4,0,4,0,0.6666666666666666,0.3333333333333333,0.0,1.0,0.0,0.3333333333333333
2021_03_01,median_iqr,20,rx_id,14-7,16,12,4,12,0,0,2,2,1.0,0.0,0.0,0.5,0.5,0.75
2021_03_01,median_iqr,20,rx_id,18-19,16,12,4,6,6,0,1,3,0.5,0.5,0.0,0.25,0.75,0.625
2021_03_01,median_iqr,20,rx_id,18-2,16,12,4,9,3,0,4,0,0.75,0.25,0.0,1.0,0.0,0.375
2021_03_01,median_iqr,20,rx_id,19-1,16,12,4,9,3,0,4,0,0.75,0.25,0.0,1.0,0.0,0.375
2021_03_01,median_iqr,20,rx_id,2-1,16,12,4,12,0,0,3,1,1.0,0.0,0.0,0.75,0.25,0.625
2021_03_01,median_iqr,20,rx_id,2-19,16,12,4,10,2,0,2,2,0.8333333333333334,0.16666666666666666,0.0,0.5,0.5,0.6666666666666667
2021_03_01,median_iqr,20,rx_id,20-1,16,12,4,12,0,0,2,2,1.0,0.0,0.0,0.5,0.5,0.75
2021_03_01,median_iqr,20,rx_id,20-20,16,12,4,10,2,0,4,0,0.8333333333333334,0.16666666666666666,0.0,1.0,0.0,0.4166666666666667
2021_03_01,median_iqr,20,rx_id,3-19,16,12,4,11,1,0,2,2,0.9166666666666666,0.08333333333333333,0.0,0.5,0.5,0.7083333333333333
2021_03_01,median_iqr,20,rx_id,7-7,16,12,4,10,2,0,1,3,0.8333333333333334,0.16666666666666666,0.0,0.25,0.75,0.7916666666666667
2021_03_01,median_iqr,20,rx_id,8-14,16,12,4,6,6,0,2,2,0.5,0.5,0.0,0.5,0.5,0.5
2021_03_01,median_iqr,20,rx_id,8-7,16,12,4,6,6,0,1,3,0.5,0.5,0.0,0.25,0.75,0.625
2021_03_01,median_iqr,20,rx_id,8-8,16,12,4,9,3,0,2,2,0.75,0.25,0.0,0.5,0.5,0.625
2021_03_01,median_iqr,20,tx_id,1-10,32,32,0,23,9,0,0,0,0.71875,0.28125,0.0,,,
2021_03_01,median_iqr,20,tx_id,11-1,32,0,32,0,0,0,27,5,,,,0.84375,0.15625,
2021_03_01,median_iqr,20,tx_id,14-10,32,0,32,0,0,0,9,23,,,,0.28125,0.71875,
2021_03_01,median_iqr,20,tx_id,14-7,32,32,0,25,7,0,0,0,0.78125,0.21875,0.0,,,
2021_03_01,median_iqr,20,tx_id,20-15,32,32,0,24,8,0,0,0,0.75,0.25,0.0,,,
2021_03_01,median_iqr,20,tx_id,20-19,32,32,0,28,4,0,0,0,0.875,0.125,0.0,,,
2021_03_01,median_iqr,20,tx_id,7-11,32,32,0,27,5,0,0,0,0.84375,0.15625,0.0,,,
2021_03_01,median_iqr,20,tx_id,7-14,32,32,0,26,6,0,0,0,0.8125,0.1875,0.0,,,
2021_03_08,single_openmax,1,rx_id,1-1,320,240,80,173,67,0,73,7,0.7208333333333333,0.2791666666666667,0.0,0.9125,0.0875,0.4041666666666667
2021_03_08,single_openmax,1,rx_id,1-19,320,240,80,175,65,0,70,10,0.7291666666666666,0.2708333333333333,0.0,0.875,0.125,0.4270833333333333
2021_03_08,single_openmax,1,rx_id,1-20,320,240,80,147,93,0,38,42,0.6125,0.3875,0.0,0.475,0.525,0.5687500000000001
2021_03_08,single_openmax,1,rx_id,14-7,320,240,80,201,39,0,20,60,0.8375,0.1625,0.0,0.25,0.75,0.79375
2021_03_08,single_openmax,1,rx_id,18-19,320,240,80,18,220,2,23,57,0.075,0.9166666666666666,0.008333333333333333,0.2875,0.7125,0.39375
2021_03_08,single_openmax,1,rx_id,18-2,320,240,80,100,138,2,30,50,0.4166666666666667,0.575,0.008333333333333333,0.375,0.625,0.5208333333333334
2021_03_08,single_openmax,1,rx_id,19-1,320,240,80,154,84,2,50,30,0.6416666666666667,0.35,0.008333333333333333,0.625,0.375,0.5083333333333333
2021_03_08,single_openmax,1,rx_id,2-1,320,240,80,132,91,17,44,36,0.55,0.37916666666666665,0.07083333333333333,0.55,0.45,0.5
2021_03_08,single_openmax,1,rx_id,2-19,320,240,80,161,75,4,50,30,0.6708333333333333,0.3125,0.016666666666666666,0.625,0.375,0.5229166666666667
2021_03_08,single_openmax,1,rx_id,20-1,320,240,80,83,115,42,37,43,0.3458333333333333,0.4791666666666667,0.175,0.4625,0.5375,0.44166666666666665
2021_03_08,single_openmax,1,rx_id,20-20,320,240,80,156,84,0,25,55,0.65,0.35,0.0,0.3125,0.6875,0.66875
2021_03_08,single_openmax,1,rx_id,3-19,320,240,80,58,179,3,11,69,0.24166666666666667,0.7458333333333333,0.0125,0.1375,0.8625,0.5520833333333334
2021_03_08,single_openmax,1,rx_id,7-7,320,240,80,148,92,0,34,46,0.6166666666666667,0.38333333333333336,0.0,0.425,0.575,0.5958333333333333
2021_03_08,single_openmax,1,rx_id,8-14,320,240,80,64,169,7,36,44,0.26666666666666666,0.7041666666666667,0.029166666666666667,0.45,0.55,0.4083333333333333
2021_03_08,single_openmax,1,rx_id,8-7,320,240,80,66,174,0,15,65,0.275,0.725,0.0,0.1875,0.8125,0.54375
2021_03_08,single_openmax,1,rx_id,8-8,320,240,80,131,109,0,43,37,0.5458333333333333,0.45416666666666666,0.0,0.5375,0.4625,0.5041666666666667
2021_03_08,single_openmax,1,tx_id,1-10,640,640,0,395,242,3,0,0,0.6171875,0.378125,0.0046875,,,
2021_03_08,single_openmax,1,tx_id,11-1,640,0,640,0,0,0,440,200,,,,0.6875,0.3125,
2021_03_08,single_openmax,1,tx_id,14-10,640,0,640,0,0,0,159,481,,,,0.2484375,0.7515625,
2021_03_08,single_openmax,1,tx_id,14-7,640,640,0,283,357,0,0,0,0.4421875,0.5578125,0.0,,,
2021_03_08,single_openmax,1,tx_id,20-15,640,640,0,491,149,0,0,0,0.7671875,0.2328125,0.0,,,
2021_03_08,single_openmax,1,tx_id,20-19,640,640,0,145,440,55,0,0,0.2265625,0.6875,0.0859375,,,
2021_03_08,single_openmax,1,tx_id,7-11,640,640,0,253,378,9,0,0,0.3953125,0.590625,0.0140625,,,
2021_03_08,single_openmax,1,tx_id,7-14,640,640,0,400,228,12,0,0,0.625,0.35625,0.01875,,,
2021_03_08,vote_openmax,20,rx_id,1-1,16,12,4,10,2,0,4,0,0.8333333333333334,0.16666666666666666,0.0,1.0,0.0,0.4166666666666667
2021_03_08,vote_openmax,20,rx_id,1-19,16,12,4,8,4,0,4,0,0.6666666666666666,0.3333333333333333,0.0,1.0,0.0,0.3333333333333333
2021_03_08,vote_openmax,20,rx_id,1-20,16,12,4,6,6,0,1,3,0.5,0.5,0.0,0.25,0.75,0.625
2021_03_08,vote_openmax,20,rx_id,14-7,16,12,4,10,2,0,0,4,0.8333333333333334,0.16666666666666666,0.0,0.0,1.0,0.9166666666666667
2021_03_08,vote_openmax,20,rx_id,18-19,16,12,4,0,12,0,1,3,0.0,1.0,0.0,0.25,0.75,0.375
2021_03_08,vote_openmax,20,rx_id,18-2,16,12,4,5,7,0,0,4,0.4166666666666667,0.5833333333333334,0.0,0.0,1.0,0.7083333333333334
2021_03_08,vote_openmax,20,rx_id,19-1,16,12,4,8,4,0,2,2,0.6666666666666666,0.3333333333333333,0.0,0.5,0.5,0.5833333333333333
2021_03_08,vote_openmax,20,rx_id,2-1,16,12,4,8,4,0,2,2,0.6666666666666666,0.3333333333333333,0.0,0.5,0.5,0.5833333333333333
2021_03_08,vote_openmax,20,rx_id,2-19,16,12,4,8,4,0,2,2,0.6666666666666666,0.3333333333333333,0.0,0.5,0.5,0.5833333333333333
2021_03_08,vote_openmax,20,rx_id,20-1,16,12,4,2,8,2,2,2,0.16666666666666666,0.6666666666666666,0.16666666666666666,0.5,0.5,0.3333333333333333
2021_03_08,vote_openmax,20,rx_id,20-20,16,12,4,8,4,0,2,2,0.6666666666666666,0.3333333333333333,0.0,0.5,0.5,0.5833333333333333
2021_03_08,vote_openmax,20,rx_id,3-19,16,12,4,1,11,0,0,4,0.08333333333333333,0.9166666666666666,0.0,0.0,1.0,0.5416666666666666
2021_03_08,vote_openmax,20,rx_id,7-7,16,12,4,8,4,0,2,2,0.6666666666666666,0.3333333333333333,0.0,0.5,0.5,0.5833333333333333
2021_03_08,vote_openmax,20,rx_id,8-14,16,12,4,1,11,0,1,3,0.08333333333333333,0.9166666666666666,0.0,0.25,0.75,0.4166666666666667
2021_03_08,vote_openmax,20,rx_id,8-7,16,12,4,1,11,0,0,4,0.08333333333333333,0.9166666666666666,0.0,0.0,1.0,0.5416666666666666
2021_03_08,vote_openmax,20,rx_id,8-8,16,12,4,5,7,0,2,2,0.4166666666666667,0.5833333333333334,0.0,0.5,0.5,0.45833333333333337
2021_03_08,vote_openmax,20,tx_id,1-10,32,32,0,18,14,0,0,0,0.5625,0.4375,0.0,,,
2021_03_08,vote_openmax,20,tx_id,11-1,32,0,32,0,0,0,20,12,,,,0.625,0.375,
2021_03_08,vote_openmax,20,tx_id,14-10,32,0,32,0,0,0,5,27,,,,0.15625,0.84375,
2021_03_08,vote_openmax,20,tx_id,14-7,32,32,0,11,21,0,0,0,0.34375,0.65625,0.0,,,
2021_03_08,vote_openmax,20,tx_id,20-15,32,32,0,25,7,0,0,0,0.78125,0.21875,0.0,,,
2021_03_08,vote_openmax,20,tx_id,20-19,32,32,0,4,26,2,0,0,0.125,0.8125,0.0625,,,
2021_03_08,vote_openmax,20,tx_id,7-11,32,32,0,12,20,0,0,0,0.375,0.625,0.0,,,
2021_03_08,vote_openmax,20,tx_id,7-14,32,32,0,19,13,0,0,0,0.59375,0.40625,0.0,,,
2021_03_08,median_iqr,20,rx_id,1-1,16,12,4,7,5,0,4,0,0.5833333333333334,0.4166666666666667,0.0,1.0,0.0,0.2916666666666667
2021_03_08,median_iqr,20,rx_id,1-19,16,12,4,7,5,0,4,0,0.5833333333333334,0.4166666666666667,0.0,1.0,0.0,0.2916666666666667
2021_03_08,median_iqr,20,rx_id,1-20,16,12,4,6,6,0,2,2,0.5,0.5,0.0,0.5,0.5,0.5
2021_03_08,median_iqr,20,rx_id,14-7,16,12,4,8,4,0,0,4,0.6666666666666666,0.3333333333333333,0.0,0.0,1.0,0.8333333333333333
2021_03_08,median_iqr,20,rx_id,18-19,16,12,4,0,12,0,1,3,0.0,1.0,0.0,0.25,0.75,0.375
2021_03_08,median_iqr,20,rx_id,18-2,16,12,4,4,8,0,2,2,0.3333333333333333,0.6666666666666666,0.0,0.5,0.5,0.41666666666666663
2021_03_08,median_iqr,20,rx_id,19-1,16,12,4,2,10,0,2,2,0.16666666666666666,0.8333333333333334,0.0,0.5,0.5,0.3333333333333333
2021_03_08,median_iqr,20,rx_id,2-1,16,12,4,5,7,0,2,2,0.4166666666666667,0.5833333333333334,0.0,0.5,0.5,0.45833333333333337
2021_03_08,median_iqr,20,rx_id,2-19,16,12,4,6,6,0,2,2,0.5,0.5,0.0,0.5,0.5,0.5
2021_03_08,median_iqr,20,rx_id,20-1,16,12,4,1,9,2,2,2,0.08333333333333333,0.75,0.16666666666666666,0.5,0.5,0.2916666666666667
2021_03_08,median_iqr,20,rx_id,20-20,16,12,4,8,4,0,1,3,0.6666666666666666,0.3333333333333333,0.0,0.25,0.75,0.7083333333333333
2021_03_08,median_iqr,20,rx_id,3-19,16,12,4,4,8,0,0,4,0.3333333333333333,0.6666666666666666,0.0,0.0,1.0,0.6666666666666666
2021_03_08,median_iqr,20,rx_id,7-7,16,12,4,6,6,0,2,2,0.5,0.5,0.0,0.5,0.5,0.5
2021_03_08,median_iqr,20,rx_id,8-14,16,12,4,3,9,0,2,2,0.25,0.75,0.0,0.5,0.5,0.375
2021_03_08,median_iqr,20,rx_id,8-7,16,12,4,5,7,0,1,3,0.4166666666666667,0.5833333333333334,0.0,0.25,0.75,0.5833333333333334
2021_03_08,median_iqr,20,rx_id,8-8,16,12,4,5,7,0,2,2,0.4166666666666667,0.5833333333333334,0.0,0.5,0.5,0.45833333333333337
2021_03_08,median_iqr,20,tx_id,1-10,32,32,0,16,16,0,0,0,0.5,0.5,0.0,,,
2021_03_08,median_iqr,20,tx_id,11-1,32,0,32,0,0,0,19,13,,,,0.59375,0.40625,
2021_03_08,median_iqr,20,tx_id,14-10,32,0,32,0,0,0,10,22,,,,0.3125,0.6875,
2021_03_08,median_iqr,20,tx_id,14-7,32,32,0,13,19,0,0,0,0.40625,0.59375,0.0,,,
2021_03_08,median_iqr,20,tx_id,20-15,32,32,0,6,26,0,0,0,0.1875,0.8125,0.0,,,
2021_03_08,median_iqr,20,tx_id,20-19,32,32,0,3,27,2,0,0,0.09375,0.84375,0.0625,,,
2021_03_08,median_iqr,20,tx_id,7-11,32,32,0,16,16,0,0,0,0.5,0.5,0.0,,,
2021_03_08,median_iqr,20,tx_id,7-14,32,32,0,23,9,0,0,0,0.71875,0.28125,0.0,,,
2021_03_15,single_openmax,1,rx_id,1-1,320,240,80,79,161,0,62,18,0.32916666666666666,0.6708333333333333,0.0,0.775,0.225,0.27708333333333335
2021_03_15,single_openmax,1,rx_id,1-19,320,240,80,161,68,11,58,22,0.6708333333333333,0.2833333333333333,0.04583333333333333,0.725,0.275,0.47291666666666665
2021_03_15,single_openmax,1,rx_id,1-20,320,240,80,130,110,0,30,50,0.5416666666666666,0.4583333333333333,0.0,0.375,0.625,0.5833333333333333
2021_03_15,single_openmax,1,rx_id,14-7,320,240,80,178,59,3,18,62,0.7416666666666667,0.24583333333333332,0.0125,0.225,0.775,0.7583333333333333
2021_03_15,single_openmax,1,rx_id,18-19,320,240,80,44,196,0,24,56,0.18333333333333332,0.8166666666666667,0.0,0.3,0.7,0.44166666666666665
2021_03_15,single_openmax,1,rx_id,18-2,320,240,80,91,145,4,29,51,0.37916666666666665,0.6041666666666666,0.016666666666666666,0.3625,0.6375,0.5083333333333333
2021_03_15,single_openmax,1,rx_id,19-1,320,240,80,187,53,0,42,38,0.7791666666666667,0.22083333333333333,0.0,0.525,0.475,0.6270833333333333
2021_03_15,single_openmax,1,rx_id,2-1,320,240,80,114,101,25,45,35,0.475,0.42083333333333334,0.10416666666666667,0.5625,0.4375,0.45625
2021_03_15,single_openmax,1,rx_id,2-19,320,240,80,119,116,5,42,38,0.49583333333333335,0.48333333333333334,0.020833333333333332,0.525,0.475,0.48541666666666666
2021_03_15,single_openmax,1,rx_id,20-1,320,240,80,98,119,23,41,39,0.4083333333333333,0.49583333333333335,0.09583333333333334,0.5125,0.4875,0.44791666666666663
2021_03_15,single_openmax,1,rx_id,20-20,320,240,80,193,46,1,39,41,0.8041666666666667,0.19166666666666668,0.004166666666666667,0.4875,0.5125,0.6583333333333333
2021_03_15,single_openmax,1,rx_id,3-19,320,240,80,58,181,1,12,68,0.24166666666666667,0.7541666666666667,0.004166666666666667,0.15,0.85,0.5458333333333333
2021_03_15,single_openmax,1,rx_id,7-7,320,240,80,135,105,0,33,47,0.5625,0.4375,0.0,0.4125,0.5875,0.575
2021_03_15,single_openmax,1,rx_id,8-14,320,240,80,80,160,0,14,66,0.3333333333333333,0.6666666666666666,0.0,0.175,0.825,0.5791666666666666
2021_03_15,single_openmax,1,rx_id,8-7,320,240,80,66,171,3,13,67,0.275,0.7125,0.0125,0.1625,0.8375,0.55625
2021_03_15,single_openmax,1,rx_id,8-8,320,240,80,78,153,9,40,40,0.325,0.6375,0.0375,0.5,0.5,0.4125
2021_03_15,single_openmax,1,tx_id,1-10,640,640,0,457,183,0,0,0,0.7140625,0.2859375,0.0,,,
2021_03_15,single_openmax,1,tx_id,11-1,640,0,640,0,0,0,448,192,,,,0.7,0.3,
2021_03_15,single_openmax,1,tx_id,14-10,640,0,640,0,0,0,94,546,,,,0.146875,0.853125,
2021_03_15,single_openmax,1,tx_id,14-7,640,640,0,296,341,3,0,0,0.4625,0.5328125,0.0046875,,,
2021_03_15,single_openmax,1,tx_id,20-15,640,640,0,391,249,0,0,0,0.6109375,0.3890625,0.0,,,
2021_03_15,single_openmax,1,tx_id,20-19,640,640,0,88,491,61,0,0,0.1375,0.7671875,0.0953125,,,
2021_03_15,single_openmax,1,tx_id,7-11,640,640,0,235,389,16,0,0,0.3671875,0.6078125,0.025,,,
2021_03_15,single_openmax,1,tx_id,7-14,640,640,0,344,291,5,0,0,0.5375,0.4546875,0.0078125,,,
2021_03_15,vote_openmax,20,rx_id,1-1,16,12,4,2,10,0,3,1,0.16666666666666666,0.8333333333333334,0.0,0.75,0.25,0.20833333333333331
2021_03_15,vote_openmax,20,rx_id,1-19,16,12,4,7,5,0,3,1,0.5833333333333334,0.4166666666666667,0.0,0.75,0.25,0.4166666666666667
2021_03_15,vote_openmax,20,rx_id,1-20,16,12,4,6,6,0,0,4,0.5,0.5,0.0,0.0,1.0,0.75
2021_03_15,vote_openmax,20,rx_id,14-7,16,12,4,10,2,0,1,3,0.8333333333333334,0.16666666666666666,0.0,0.25,0.75,0.7916666666666667
2021_03_15,vote_openmax,20,rx_id,18-19,16,12,4,2,10,0,1,3,0.16666666666666666,0.8333333333333334,0.0,0.25,0.75,0.4583333333333333
2021_03_15,vote_openmax,20,rx_id,18-2,16,12,4,3,9,0,0,4,0.25,0.75,0.0,0.0,1.0,0.625
2021_03_15,vote_openmax,20,rx_id,19-1,16,12,4,9,3,0,2,2,0.75,0.25,0.0,0.5,0.5,0.625
2021_03_15,vote_openmax,20,rx_id,2-1,16,12,4,6,6,0,2,2,0.5,0.5,0.0,0.5,0.5,0.5
2021_03_15,vote_openmax,20,rx_id,2-19,16,12,4,6,6,0,2,2,0.5,0.5,0.0,0.5,0.5,0.5
2021_03_15,vote_openmax,20,rx_id,20-1,16,12,4,5,5,2,2,2,0.4166666666666667,0.4166666666666667,0.16666666666666666,0.5,0.5,0.45833333333333337
2021_03_15,vote_openmax,20,rx_id,20-20,16,12,4,10,2,0,2,2,0.8333333333333334,0.16666666666666666,0.0,0.5,0.5,0.6666666666666667
2021_03_15,vote_openmax,20,rx_id,3-19,16,12,4,0,12,0,0,4,0.0,1.0,0.0,0.0,1.0,0.5
2021_03_15,vote_openmax,20,rx_id,7-7,16,12,4,7,5,0,2,2,0.5833333333333334,0.4166666666666667,0.0,0.5,0.5,0.5416666666666667
2021_03_15,vote_openmax,20,rx_id,8-14,16,12,4,4,8,0,0,4,0.3333333333333333,0.6666666666666666,0.0,0.0,1.0,0.6666666666666666
2021_03_15,vote_openmax,20,rx_id,8-7,16,12,4,1,11,0,0,4,0.08333333333333333,0.9166666666666666,0.0,0.0,1.0,0.5416666666666666
2021_03_15,vote_openmax,20,rx_id,8-8,16,12,4,3,9,0,2,2,0.25,0.75,0.0,0.5,0.5,0.375
2021_03_15,vote_openmax,20,tx_id,1-10,32,32,0,21,11,0,0,0,0.65625,0.34375,0.0,,,
2021_03_15,vote_openmax,20,tx_id,11-1,32,0,32,0,0,0,20,12,,,,0.625,0.375,
2021_03_15,vote_openmax,20,tx_id,14-10,32,0,32,0,0,0,2,30,,,,0.0625,0.9375,
2021_03_15,vote_openmax,20,tx_id,14-7,32,32,0,11,21,0,0,0,0.34375,0.65625,0.0,,,
2021_03_15,vote_openmax,20,tx_id,20-15,32,32,0,22,10,0,0,0,0.6875,0.3125,0.0,,,
2021_03_15,vote_openmax,20,tx_id,20-19,32,32,0,2,28,2,0,0,0.0625,0.875,0.0625,,,
2021_03_15,vote_openmax,20,tx_id,7-11,32,32,0,12,20,0,0,0,0.375,0.625,0.0,,,
2021_03_15,vote_openmax,20,tx_id,7-14,32,32,0,13,19,0,0,0,0.40625,0.59375,0.0,,,
2021_03_15,median_iqr,20,rx_id,1-1,16,12,4,2,10,0,4,0,0.16666666666666666,0.8333333333333334,0.0,1.0,0.0,0.08333333333333333
2021_03_15,median_iqr,20,rx_id,1-19,16,12,4,7,5,0,4,0,0.5833333333333334,0.4166666666666667,0.0,1.0,0.0,0.2916666666666667
2021_03_15,median_iqr,20,rx_id,1-20,16,12,4,5,7,0,4,0,0.4166666666666667,0.5833333333333334,0.0,1.0,0.0,0.20833333333333334
2021_03_15,median_iqr,20,rx_id,14-7,16,12,4,8,4,0,0,4,0.6666666666666666,0.3333333333333333,0.0,0.0,1.0,0.8333333333333333
2021_03_15,median_iqr,20,rx_id,18-19,16,12,4,1,11,0,2,2,0.08333333333333333,0.9166666666666666,0.0,0.5,0.5,0.2916666666666667
2021_03_15,median_iqr,20,rx_id,18-2,16,12,4,8,4,0,3,1,0.6666666666666666,0.3333333333333333,0.0,0.75,0.25,0.4583333333333333
2021_03_15,median_iqr,20,rx_id,19-1,16,12,4,2,10,0,2,2,0.16666666666666666,0.8333333333333334,0.0,0.5,0.5,0.3333333333333333
2021_03_15,median_iqr,20,rx_id,2-1,16,12,4,6,6,0,2,2,0.5,0.5,0.0,0.5,0.5,0.5
2021_03_15,median_iqr,20,rx_id,2-19,16,12,4,6,6,0,2,2,0.5,0.5,0.0,0.5,0.5,0.5
2021_03_15,median_iqr,20,rx_id,20-1,16,12,4,4,8,0,2,2,0.3333333333333333,0.6666666666666666,0.0,0.5,0.5,0.41666666666666663
2021_03_15,median_iqr,20,rx_id,20-20,16,12,4,9,3,0,2,2,0.75,0.25,0.0,0.5,0.5,0.625
2021_03_15,median_iqr,20,rx_id,3-19,16,12,4,6,6,0,0,4,0.5,0.5,0.0,0.0,1.0,0.75
2021_03_15,median_iqr,20,rx_id,7-7,16,12,4,5,7,0,1,3,0.4166666666666667,0.5833333333333334,0.0,0.25,0.75,0.5833333333333334
2021_03_15,median_iqr,20,rx_id,8-14,16,12,4,2,10,0,0,4,0.16666666666666666,0.8333333333333334,0.0,0.0,1.0,0.5833333333333334
2021_03_15,median_iqr,20,rx_id,8-7,16,12,4,2,10,0,1,3,0.16666666666666666,0.8333333333333334,0.0,0.25,0.75,0.4583333333333333
2021_03_15,median_iqr,20,rx_id,8-8,16,12,4,6,6,0,2,2,0.5,0.5,0.0,0.5,0.5,0.5
2021_03_15,median_iqr,20,tx_id,1-10,32,32,0,19,13,0,0,0,0.59375,0.40625,0.0,,,
2021_03_15,median_iqr,20,tx_id,11-1,32,0,32,0,0,0,24,8,,,,0.75,0.25,
2021_03_15,median_iqr,20,tx_id,14-10,32,0,32,0,0,0,7,25,,,,0.21875,0.78125,
2021_03_15,median_iqr,20,tx_id,14-7,32,32,0,10,22,0,0,0,0.3125,0.6875,0.0,,,
2021_03_15,median_iqr,20,tx_id,20-15,32,32,0,11,21,0,0,0,0.34375,0.65625,0.0,,,
2021_03_15,median_iqr,20,tx_id,20-19,32,32,0,4,28,0,0,0,0.125,0.875,0.0,,,
2021_03_15,median_iqr,20,tx_id,7-11,32,32,0,16,16,0,0,0,0.5,0.5,0.0,,,
2021_03_15,median_iqr,20,tx_id,7-14,32,32,0,19,13,0,0,0,0.59375,0.40625,0.0,,,
2021_03_23,single_openmax,1,rx_id,1-1,320,240,80,151,89,0,63,17,0.6291666666666667,0.37083333333333335,0.0,0.7875,0.2125,0.42083333333333334
2021_03_23,single_openmax,1,rx_id,1-19,320,240,80,200,40,0,32,48,0.8333333333333334,0.16666666666666666,0.0,0.4,0.6,0.7166666666666667
2021_03_23,single_openmax,1,rx_id,1-20,320,240,80,166,74,0,40,40,0.6916666666666667,0.30833333333333335,0.0,0.5,0.5,0.5958333333333333
2021_03_23,single_openmax,1,rx_id,14-7,320,240,80,154,86,0,67,13,0.6416666666666667,0.35833333333333334,0.0,0.8375,0.1625,0.40208333333333335
2021_03_23,single_openmax,1,rx_id,18-19,320,240,80,43,197,0,29,51,0.17916666666666667,0.8208333333333333,0.0,0.3625,0.6375,0.4083333333333333
2021_03_23,single_openmax,1,rx_id,18-2,320,240,80,78,162,0,32,48,0.325,0.675,0.0,0.4,0.6,0.4625
2021_03_23,single_openmax,1,rx_id,19-1,320,240,80,145,93,2,64,16,0.6041666666666666,0.3875,0.008333333333333333,0.8,0.2,0.40208333333333335
2021_03_23,single_openmax,1,rx_id,2-1,320,240,80,99,140,1,45,35,0.4125,0.5833333333333334,0.004166666666666667,0.5625,0.4375,0.425
2021_03_23,single_openmax,1,rx_id,2-19,320,240,80,176,64,0,38,42,0.7333333333333333,0.26666666666666666,0.0,0.475,0.525,0.6291666666666667
2021_03_23,single_openmax,1,rx_id,20-1,320,240,80,86,153,1,61,19,0.35833333333333334,0.6375,0.004166666666666667,0.7625,0.2375,0.29791666666666666
2021_03_23,single_openmax,1,rx_id,20-20,320,240,80,175,65,0,47,33,0.7291666666666666,0.2708333333333333,0.0,0.5875,0.4125,0.5708333333333333
2021_03_23,single_openmax,1,rx_id,3-19,320,240,80,82,158,0,29,51,0.3416666666666667,0.6583333333333333,0.0,0.3625,0.6375,0.4895833333333333
2021_03_23,single_openmax,1,rx_id,7-7,320,240,80,120,120,0,28,52,0.5,0.5,0.0,0.35,0.65,0.575
2021_03_23,single_openmax,1,rx_id,8-14,320,240,80,76,164,0,13,67,0.31666666666666665,0.6833333333333333,0.0,0.1625,0.8375,0.5770833333333334
2021_03_23,single_openmax,1,rx_id,8-7,320,240,80,54,186,0,39,41,0.225,0.775,0.0,0.4875,0.5125,0.36874999999999997
2021_03_23,single_openmax,1,rx_id,8-8,320,240,80,182,58,0,40,40,0.7583333333333333,0.24166666666666667,0.0,0.5,0.5,0.6291666666666667
2021_03_23,single_openmax,1,tx_id,1-10,640,640,0,366,272,2,0,0,0.571875,0.425,0.003125,,,
2021_03_23,single_openmax,1,tx_id,11-1,640,0,640,0,0,0,480,160,,,,0.75,0.25,
2021_03_23,single_openmax,1,tx_id,14-10,640,0,640,0,0,0,187,453,,,,0.2921875,0.7078125,
2021_03_23,single_openmax,1,tx_id,14-7,640,640,0,348,291,1,0,0,0.54375,0.4546875,0.0015625,,,
2021_03_23,single_openmax,1,tx_id,20-15,640,640,0,394,246,0,0,0,0.615625,0.384375,0.0,,,
2021_03_23,single_openmax,1,tx_id,20-19,640,640,0,258,381,1,0,0,0.403125,0.5953125,0.0015625,,,
2021_03_23,single_openmax,1,tx_id,7-11,640,640,0,267,373,0,0,0,0.4171875,0.5828125,0.0,,,
2021_03_23,single_openmax,1,tx_id,7-14,640,640,0,354,286,0,0,0,0.553125,0.446875,0.0,,,
2021_03_23,vote_openmax,20,rx_id,1-1,16,12,4,7,5,0,4,0,0.5833333333333334,0.4166666666666667,0.0,1.0,0.0,0.2916666666666667
2021_03_23,vote_openmax,20,rx_id,1-19,16,12,4,11,1,0,1,3,0.9166666666666666,0.08333333333333333,0.0,0.25,0.75,0.8333333333333333
2021_03_23,vote_openmax,20,rx_id,1-20,16,12,4,9,3,0,1,3,0.75,0.25,0.0,0.25,0.75,0.75
2021_03_23,vote_openmax,20,rx_id,14-7,16,12,4,8,4,0,4,0,0.6666666666666666,0.3333333333333333,0.0,1.0,0.0,0.3333333333333333
2021_03_23,vote_openmax,20,rx_id,18-19,16,12,4,0,12,0,2,2,0.0,1.0,0.0,0.5,0.5,0.25
2021_03_23,vote_openmax,20,rx_id,18-2,16,12,4,3,9,0,2,2,0.25,0.75,0.0,0.5,0.5,0.375
2021_03_23,vote_openmax,20,rx_id,19-1,16,12,4,8,4,0,4,0,0.6666666666666666,0.3333333333333333,0.0,1.0,0.0,0.3333333333333333
2021_03_23,vote_openmax,20,rx_id,2-1,16,12,4,6,6,0,2,2,0.5,0.5,0.0,0.5,0.5,0.5
2021_03_23,vote_openmax,20,rx_id,2-19,16,12,4,8,4,0,2,2,0.6666666666666666,0.3333333333333333,0.0,0.5,0.5,0.5833333333333333
2021_03_23,vote_openmax,20,rx_id,20-1,16,12,4,3,9,0,4,0,0.25,0.75,0.0,1.0,0.0,0.125
2021_03_23,vote_openmax,20,rx_id,20-20,16,12,4,8,4,0,2,2,0.6666666666666666,0.3333333333333333,0.0,0.5,0.5,0.5833333333333333
2021_03_23,vote_openmax,20,rx_id,3-19,16,12,4,2,10,0,2,2,0.16666666666666666,0.8333333333333334,0.0,0.5,0.5,0.3333333333333333
2021_03_23,vote_openmax,20,rx_id,7-7,16,12,4,5,7,0,2,2,0.4166666666666667,0.5833333333333334,0.0,0.5,0.5,0.45833333333333337
2021_03_23,vote_openmax,20,rx_id,8-14,16,12,4,3,9,0,0,4,0.25,0.75,0.0,0.0,1.0,0.625
2021_03_23,vote_openmax,20,rx_id,8-7,16,12,4,0,12,0,2,2,0.0,1.0,0.0,0.5,0.5,0.25
2021_03_23,vote_openmax,20,rx_id,8-8,16,12,4,10,2,0,2,2,0.8333333333333334,0.16666666666666666,0.0,0.5,0.5,0.6666666666666667
2021_03_23,vote_openmax,20,tx_id,1-10,32,32,0,16,16,0,0,0,0.5,0.5,0.0,,,
2021_03_23,vote_openmax,20,tx_id,11-1,32,0,32,0,0,0,27,5,,,,0.84375,0.15625,
2021_03_23,vote_openmax,20,tx_id,14-10,32,0,32,0,0,0,9,23,,,,0.28125,0.71875,
2021_03_23,vote_openmax,20,tx_id,14-7,32,32,0,14,18,0,0,0,0.4375,0.5625,0.0,,,
2021_03_23,vote_openmax,20,tx_id,20-15,32,32,0,22,10,0,0,0,0.6875,0.3125,0.0,,,
2021_03_23,vote_openmax,20,tx_id,20-19,32,32,0,13,19,0,0,0,0.40625,0.59375,0.0,,,
2021_03_23,vote_openmax,20,tx_id,7-11,32,32,0,11,21,0,0,0,0.34375,0.65625,0.0,,,
2021_03_23,vote_openmax,20,tx_id,7-14,32,32,0,15,17,0,0,0,0.46875,0.53125,0.0,,,
2021_03_23,median_iqr,20,rx_id,1-1,16,12,4,4,8,0,4,0,0.3333333333333333,0.6666666666666666,0.0,1.0,0.0,0.16666666666666666
2021_03_23,median_iqr,20,rx_id,1-19,16,12,4,9,3,0,1,3,0.75,0.25,0.0,0.25,0.75,0.75
2021_03_23,median_iqr,20,rx_id,1-20,16,12,4,4,8,0,4,0,0.3333333333333333,0.6666666666666666,0.0,1.0,0.0,0.16666666666666666
2021_03_23,median_iqr,20,rx_id,14-7,16,12,4,8,4,0,4,0,0.6666666666666666,0.3333333333333333,0.0,1.0,0.0,0.3333333333333333
2021_03_23,median_iqr,20,rx_id,18-19,16,12,4,2,10,0,2,2,0.16666666666666666,0.8333333333333334,0.0,0.5,0.5,0.3333333333333333
2021_03_23,median_iqr,20,rx_id,18-2,16,12,4,5,7,0,2,2,0.4166666666666667,0.5833333333333334,0.0,0.5,0.5,0.45833333333333337
2021_03_23,median_iqr,20,rx_id,19-1,16,12,4,6,6,0,4,0,0.5,0.5,0.0,1.0,0.0,0.25
2021_03_23,median_iqr,20,rx_id,2-1,16,12,4,1,11,0,2,2,0.08333333333333333,0.9166666666666666,0.0,0.5,0.5,0.2916666666666667
2021_03_23,median_iqr,20,rx_id,2-19,16,12,4,7,5,0,2,2,0.5833333333333334,0.4166666666666667,0.0,0.5,0.5,0.5416666666666667
2021_03_23,median_iqr,20,rx_id,20-1,16,12,4,4,8,0,4,0,0.3333333333333333,0.6666666666666666,0.0,1.0,0.0,0.16666666666666666
2021_03_23,median_iqr,20,rx_id,20-20,16,12,4,9,3,0,2,2,0.75,0.25,0.0,0.5,0.5,0.625
2021_03_23,median_iqr,20,rx_id,3-19,16,12,4,6,6,0,2,2,0.5,0.5,0.0,0.5,0.5,0.5
2021_03_23,median_iqr,20,rx_id,7-7,16,12,4,5,7,0,2,2,0.4166666666666667,0.5833333333333334,0.0,0.5,0.5,0.45833333333333337
2021_03_23,median_iqr,20,rx_id,8-14,16,12,4,3,9,0,1,3,0.25,0.75,0.0,0.25,0.75,0.5
2021_03_23,median_iqr,20,rx_id,8-7,16,12,4,5,7,0,4,0,0.4166666666666667,0.5833333333333334,0.0,1.0,0.0,0.20833333333333334
2021_03_23,median_iqr,20,rx_id,8-8,16,12,4,7,5,0,2,2,0.5833333333333334,0.4166666666666667,0.0,0.5,0.5,0.5416666666666667
2021_03_23,median_iqr,20,tx_id,1-10,32,32,0,16,16,0,0,0,0.5,0.5,0.0,,,
2021_03_23,median_iqr,20,tx_id,11-1,32,0,32,0,0,0,29,3,,,,0.90625,0.09375,
2021_03_23,median_iqr,20,tx_id,14-10,32,0,32,0,0,0,13,19,,,,0.40625,0.59375,
2021_03_23,median_iqr,20,tx_id,14-7,32,32,0,17,15,0,0,0,0.53125,0.46875,0.0,,,
2021_03_23,median_iqr,20,tx_id,20-15,32,32,0,10,22,0,0,0,0.3125,0.6875,0.0,,,
2021_03_23,median_iqr,20,tx_id,20-19,32,32,0,6,26,0,0,0,0.1875,0.8125,0.0,,,
2021_03_23,median_iqr,20,tx_id,7-11,32,32,0,15,17,0,0,0,0.46875,0.53125,0.0,,,
2021_03_23,median_iqr,20,tx_id,7-14,32,32,0,21,11,0,0,0,0.65625,0.34375,0.0,,,
