date,method,set_size,vote_tie_count,set_count,known_count,unknown_count,known_correct_accept_count,known_false_reject_count,known_misidentification_count,unknown_false_accept_count,unknown_reject_count,known_correct_accept_rate,known_false_reject_rate,known_misidentification_rate,unknown_false_accept_rate,unknown_reject_rate,balanced_open_set_accuracy
2021_03_01,single_openmax,1,0,5120,3840,1280,2978,862,0,611,669,0.7755208333333333,0.22447916666666667,0.0,0.47734375,0.52265625,0.6490885416666667
2021_03_01,vote_openmax,1,0,5120,3840,1280,2978,862,0,611,669,0.7755208333333333,0.22447916666666667,0.0,0.47734375,0.52265625,0.6490885416666667
2021_03_01,median_iqr,1,0,5120,3840,1280,2707,1130,3,709,571,0.7049479166666667,0.2942708333333333,0.00078125,0.55390625,0.44609375,0.5755208333333334
2021_03_01,vote_openmax,5,0,1024,768,256,608,160,0,112,144,0.7916666666666666,0.20833333333333334,0.0,0.4375,0.5625,0.6770833333333333
2021_03_01,median_iqr,5,0,1024,768,256,643,125,0,159,97,0.8372395833333334,0.16276041666666666,0.0,0.62109375,0.37890625,0.6080729166666667
2021_03_01,vote_openmax,10,28,512,384,128,296,88,0,50,78,0.7708333333333334,0.22916666666666666,0.0,0.390625,0.609375,0.6901041666666667
2021_03_01,median_iqr,10,0,512,384,128,321,63,0,79,49,0.8359375,0.1640625,0.0,0.6171875,0.3828125,0.609375
2021_03_01,vote_openmax,20,9,256,192,64,147,45,0,26,38,0.765625,0.234375,0.0,0.40625,0.59375,0.6796875
2021_03_01,median_iqr,20,0,256,192,64,153,39,0,36,28,0.796875,0.203125,0.0,0.5625,0.4375,0.6171875
2021_03_08,single_openmax,1,0,5120,3840,1280,1967,1794,79,599,681,0.5122395833333333,0.4671875,0.020572916666666666,0.46796875,0.53203125,0.5221354166666666
2021_03_08,vote_openmax,1,0,5120,3840,1280,1967,1794,79,599,681,0.5122395833333333,0.4671875,0.020572916666666666,0.46796875,0.53203125,0.5221354166666666
2021_03_08,median_iqr,1,0,5120,3840,1280,1717,2023,100,667,613,0.4471354166666667,0.5268229166666667,0.026041666666666668,0.52109375,0.47890625,0.4630208333333333
2021_03_08,vote_openmax,5,2,1024,768,256,383,374,11,113,143,0.4986979166666667,0.4869791666666667,0.014322916666666666,0.44140625,0.55859375,0.5286458333333334
2021_03_08,median_iqr,5,0,1024,768,256,359,391,18,140,116,0.4674479166666667,0.5091145833333334,0.0234375,0.546875,0.453125,0.46028645833333337
2021_03_08,vote_openmax,10,34,512,384,128,174,207,3,50,78,0.453125,0.5390625,0.0078125,0.390625,0.609375,0.53125
2021_03_08,median_iqr,10,0,512,384,128,175,202,7,74,54,0.4557291666666667,0.5260416666666666,0.018229166666666668,0.578125,0.421875,0.43880208333333337
2021_03_08,vote_openmax,20,10,256,192,64,89,101,2,25,39,0.4635416666666667,0.5260416666666666,0.010416666666666666,0.390625,0.609375,0.5364583333333334
2021_03_08,median_iqr,20,0,256,192,64,77,113,2,29,35,0.4010416666666667,0.5885416666666666,0.010416666666666666,0.453125,0.546875,0.47395833333333337
2021_03_15,single_openmax,1,0,5120,3840,1280,1811,1944,85,542,738,0.47161458333333334,0.50625,0.022135416666666668,0.4234375,0.5765625,0.5240885416666666
2021_03_15,vote_openmax,1,0,5120,3840,1280,1811,1944,85,542,738,0.47161458333333334,0.50625,0.022135416666666668,0.4234375,0.5765625,0.5240885416666666
2021_03_15,median_iqr,1,0,5120,3840,1280,1673,2049,118,671,609,0.4356770833333333,0.53359375,0.030729166666666665,0.52421875,0.47578125,0.45572916666666663
2021_03_15,vote_openmax,5,4,1024,768,256,340,419,9,98,158,0.4427083333333333,0.5455729166666666,0.01171875,0.3828125,0.6171875,0.5299479166666666
2021_03_15,median_iqr,5,0,1024,768,256,364,390,14,142,114,0.4739583333333333,0.5078125,0.018229166666666668,0.5546875,0.4453125,0.45963541666666663
2021_03_15,vote_openmax,10,27,512,384,128,158,224,2,44,84,0.4114583333333333,0.5833333333333334,0.005208333333333333,0.34375,0.65625,0.5338541666666666
2021_03_15,median_iqr,10,0,512,384,128,183,197,4,69,59,0.4765625,0.5130208333333334,0.010416666666666666,0.5390625,0.4609375,0.46875
2021_03_15,vote_openmax,20,6,256,192,64,81,109,2,22,42,0.421875,0.5677083333333334,0.010416666666666666,0.34375,0.65625,0.5390625
2021_03_15,median_iqr,20,0,256,192,64,79,113,0,31,33,0.4114583333333333,0.5885416666666666,0.0,0.484375,0.515625,0.46354166666666663
2021_03_23,single_openmax,1,0,5120,3840,1280,1987,1849,4,667,613,0.5174479166666667,0.48151041666666666,0.0010416666666666667,0.52109375,0.47890625,0.4981770833333333
2021_03_23,vote_openmax,1,0,5120,3840,1280,1987,1849,4,667,613,0.5174479166666667,0.48151041666666666,0.0010416666666666667,0.52109375,0.47890625,0.4981770833333333
2021_03_23,median_iqr,1,0,5120,3840,1280,1881,1915,44,763,517,0.48984375,0.4986979166666667,0.011458333333333333,0.59609375,0.40390625,0.446875
2021_03_23,vote_openmax,5,0,1024,768,256,386,382,0,129,127,0.5026041666666666,0.4973958333333333,0.0,0.50390625,0.49609375,0.4993489583333333
2021_03_23,median_iqr,5,0,1024,768,256,424,340,4,174,82,0.5520833333333334,0.4427083333333333,0.005208333333333333,0.6796875,0.3203125,0.4361979166666667
2021_03_23,vote_openmax,10,28,512,384,128,184,200,0,65,63,0.4791666666666667,0.5208333333333334,0.0,0.5078125,0.4921875,0.48567708333333337
2021_03_23,median_iqr,10,0,512,384,128,201,182,1,83,45,0.5234375,0.4739583333333333,0.0026041666666666665,0.6484375,0.3515625,0.4375
2021_03_23,vote_openmax,20,8,256,192,64,91,101,0,36,28,0.4739583333333333,0.5260416666666666,0.0,0.5625,0.4375,0.45572916666666663
2021_03_23,median_iqr,20,0,256,192,64,85,107,0,42,22,0.4427083333333333,0.5572916666666666,0.0,0.65625,0.34375,0.39322916666666663
