epoch,train_loss,train_accuracy,validation_known_loss,validation_known_accuracy,seconds
1,0.7115078484018643,0.6970486111111112,0.399163156747818,0.8317708333333333,6.871425200020894
2,0.3070546526875761,0.8835069444444444,0.3190166652202606,0.8674479166666667,6.908391999895684
3,0.2139271166589525,0.9233506944444444,0.22292299568653107,0.9205729166666666,7.120848699938506
4,0.16403634455055,0.9371527777777777,0.18687184154987335,0.9317708333333333,8.477124999975786
5,0.12839540228661564,0.9529513888888889,0.18102307617664337,0.9354166666666667,9.540398299926892
6,0.11482574926275346,0.9576388888888889,0.18616238236427307,0.934375,9.329618699965067
7,0.09156300895329979,0.9675347222222223,0.2456561177968979,0.9140625,9.012698799953796
8,0.08405449179570294,0.9692708333333333,0.21513158082962036,0.9348958333333334,10.136492500081658
9,0.08040198054061168,0.9699652777777777,0.21310999989509583,0.9322916666666666,8.588036500033922
10,0.07337150649400428,0.9711805555555556,0.2143007218837738,0.9380208333333333,8.42116739996709
11,0.058389402866467,0.9785590277777778,0.2194136530160904,0.9395833333333333,8.881330600008368
12,0.056682000395893634,0.9801215277777777,0.21072636544704437,0.9408854166666667,7.7792448999825865
13,0.054800811827751914,0.9819444444444444,0.23736454546451569,0.9388020833333334,7.326308200019412
14,0.052020672924764866,0.9818576388888889,0.25117653608322144,0.934375,7.974526599980891
15,0.039899190735822126,0.98515625,0.27411186695098877,0.9341145833333333,7.257266899920069
